Основаня целевая функция;Вспомогательные функции;;;Результаты расчетов (тоже вспомогательные целевые функции);;;;;;Категорияальные переменные;;Переменные (прочерк значит, что переменные не участвуют при данном типе заканчивания или сетки);;;;;;;;;;;;;;;;;;;;;;;;
Дисконтированная прибыль;;;;Накпленная добыча жидкости;Накпленная добыча нефти;Накпленная добыча газа;Накпленная закачка воды;Обводненность на посл. Мес. Расчета;Пластовое давление на последний месяц расчета;Тип скважины (1 - ННС, 2 - ННС с ГРП, 3 - ГС, 4 - ГС с ГРП);Тип системы разработки/сетка (1 - 5-точка, 2 - 9-точка, 3 - 7-точка);Площадь на скважину;Забойное давление добывающих скв.;Забойное давление нагн. Скв.;Проницаемость;Эф. Толщина пласта;соотношение расстояний м-у скв. И рядами;Пористость;Начальная водонасыщенность;Коэф. Дейекстра (для ОФП);Давление начала выделения газа;Вязкость нефти;Объемный коэф.нефти;Плотность нефти;Вязкость воды;Объемный коэф. воды;Начальное пластовое давление;Полудлина ГРП доб.скв.;Полудлина ГРП нагн.скв.;Проницаемость ГРП;Ширина ГРП доб.скв.;Ширина ГРП нагн.скв.;Длина ГС доб;Длина ГС нагн;Кол-во ГРП на доб.скв.;Кол-во ГРП на нагн скв.
NPV;RF;PI;IRP;FLPT;FOPT;FGPT;FWIT;Wc;Pres;Well_type;Devlopment_type;PSS;Pprod;Pinj;Perm;h;a/b;Poro;Sw;VdP;Pbp;mo;Bo;po;mw;Bw;Pres;Lfracprod;Lfracinj;Frac_perm;Wprod;Winj;Lgsprod;Lgsinj;Nfracprod;Nfracinj
1594.866;0.267;3.742;1;1603.802;1361.4;290.959;1849.9;0.4;197.834;1;1;98;39;352;6.86;17;3.2;0.16;0.17;0.29;251;0.7;1.05;0.9;0.3;1;339;-;-;-;-;-;-;-;-;-
280.866;0.141;1.526;0.293;740.48;740.48;100.447;1082.91;0;189.523;1;1;38;137;363;4.71;28;2.1;0.18;0;0.5;274;0.8;1.2;0.9;0.8;1.01;174;-;-;-;-;-;-;-;-;-
-456.741;0.159;0.141;0;157.472;157.094;32.813;251.887;0.002;254.924;1;1;36;242;396;5.25;9;3.6;0.15;0.11;0.1;254;0.3;1.11;0.7;1;1.01;290;-;-;-;-;-;-;-;-;-
-126.817;0.268;0.781;0.127;447.819;434.793;62.637;623.043;0.03;248.677;1;1;96;226;411;25.86;4;2.6;0.2;0.19;0.18;183;0.2;1.05;0.8;0.9;1.03;277;-;-;-;-;-;-;-;-;-
-158.516;0.626;0.697;0.092;389.359;332.628;68.343;576.672;0.518;284.004;1;1;24;211;455;15.65;5;2.2;0.2;0.08;0.28;259;0.4;1.08;0.7;0.9;1.05;337;-;-;-;-;-;-;-;-;-
2836.762;0.264;6.169;1;3432.09;3432.09;326.007;4669.8;0;219.2;1;1;57;139;431;4.78;41;1.7;0.19;0.02;0.3;129;0.4;1.06;0.8;0.3;1;178;-;-;-;-;-;-;-;-;-
1639.422;0.291;3.862;1;1966.466;1794.4;299.339;2375.58;0.089;186.724;1;1;87;61;362;11.76;17;0.6;0.19;0.15;0.48;221;0.5;1.1;0.8;0.4;1.04;205;-;-;-;-;-;-;-;-;-
2237.235;0.74;5.047;1;5412.33;1617.59;280.917;6373.03;0.965;316.686;1;1;62;132;498;31.64;9;2.7;0.18;0.11;0.36;214;0.4;1.02;0.7;0.3;0.99;269;-;-;-;-;-;-;-;-;-
12.193;0.598;1.023;0.189;550.692;296.017;17.87;614.276;0.905;224.657;1;1;32;71;398;16.67;3;0.6;0.17;0.07;0.03;88;0.7;1.07;0.8;0.4;1.01;216;-;-;-;-;-;-;-;-;-
5861.226;0.713;11.79;1;12654.07;3722.08;525.737;14410.7;0.942;289.443;1;1;50;99;446;47.86;26;3.8;0.19;0.18;0.05;270;1.4;1.17;0.7;0.5;1.02;180;-;-;-;-;-;-;-;-;-
-163.171;0.562;0.697;0.092;346.347;257.164;9.51;391.666;0.572;294.335;1;1;44;203;457;28.14;2;2.9;0.17;0.07;0.27;58;0.4;1.2;0.9;0.9;1;233;-;-;-;-;-;-;-;-;-
148.905;0.129;1.269;0.25;624.482;606.912;83.811;470.344;0.03;154.656;1;1;62;36;320;1.24;41;1.3;0.08;0.15;0.15;180;0.2;1.05;0.8;0.6;1.04;177;-;-;-;-;-;-;-;-;-
14092.573;0.757;26.867;1;15539.01;7925.38;1099.04;19057.1;0.923;227.267;1;1;52;70;359;46.1;48;2.2;0.18;0.14;0.03;201;1.5;1.24;0.8;0.6;1.02;179;-;-;-;-;-;-;-;-;-
6764.962;0.772;13.697;1;9555.2;3165.99;458.495;10881.5;0.993;249.09;1;1;37;32;412;42.15;32;3.3;0.15;0.12;0.1;183;0.2;1.04;0.8;0.8;1.02;328;-;-;-;-;-;-;-;-;-
6084.098;0.752;12.575;1;11120.1;3085.46;621.872;12941.7;0.996;233.421;1;1;28;39;359;49.7;47;3.3;0.15;0.13;0.33;230;1;1.13;0.7;0.9;1.02;320;-;-;-;-;-;-;-;-;-
2523.665;0.783;5.801;1;4427.88;1035.71;173.478;4967.53;1;316.623;1;1;28;119;497;43.75;10;2.4;0.2;0.09;0.3;209;0.8;1.13;0.9;0.6;1.02;283;-;-;-;-;-;-;-;-;-
-40.357;0.193;0.928;0.162;556.524;540.672;46.196;678.584;0.193;159.316;1;1;72;64;410;1.28;30;4.2;0.05;0.11;0.14;118;0.6;1.11;0.7;0.5;1.04;183;-;-;-;-;-;-;-;-;-
-329.024;0.528;0.379;0.024;251.061;228.552;26.804;341.914;0.391;281.018;1;1;33;204;482;11.89;3;1.5;0.19;0.2;0.12;154;1.1;1.15;0.8;0.8;1.01;240;-;-;-;-;-;-;-;-;-
5140.029;0.787;10.809;1;10486.8;2648.26;582.859;12181.7;0.998;286.107;1;1;26;101;415;37.82;33;2.9;0.18;0.03;0.21;297;1.5;1.18;0.7;0.5;1.04;316;-;-;-;-;-;-;-;-;-
-256.128;0.37;0.535;0.041;360.812;274.538;26.8;454.782;0.55;300.848;1;1;59;228;458;24.41;3;5;0.15;0.03;0.32;132;0.6;1.08;0.7;1;0.99;298;-;-;-;-;-;-;-;-;-
6285.918;0.444;11.913;1;5903.25;3849.01;687.06;7844.87;0.689;300.032;1;1;91;197;485;41.17;25;5;0.17;0.08;0.34;219;0.7;1.08;0.9;0.9;1.04;323;-;-;-;-;-;-;-;-;-
2804.071;0.15;5.815;1;3323.699;3209.61;155.447;3834.3;0.034;200.95;1;1;99;163;355;10.91;47;2;0.17;0.19;0.02;73;1.4;1.21;0.8;0.7;1.02;208;-;-;-;-;-;-;-;-;-
2642.169;0.572;5.732;1;2573.18;2185.51;99.066;2980.9;0.466;302.048;1;1;69;232;450;39.41;11;2.1;0.15;0.02;0.04;69;0.5;1.19;0.9;0.8;0.99;311;-;-;-;-;-;-;-;-;-
109.964;0.183;1.199;0.221;628.611;625.101;24.522;726.186;0.006;291.574;1;1;62;216;498;4.8;12;0.8;0.15;0.11;0.05;61;1.2;1.11;0.9;0.5;1.04;258;-;-;-;-;-;-;-;-;-
1082.168;0.177;2.913;1;1746.06;1639.46;303.902;2624.99;0.061;262.985;1;1;78;245;348;11.82;37;2.1;0.15;0.15;0.47;226;0.3;1.11;0.7;0.5;0.99;314;-;-;-;-;-;-;-;-;-
6409.064;0.399;12.477;1;4693.149;4684.73;1110.32;6806.91;0.002;172.259;1;1;69;70;384;17.3;48;0.7;0.16;0.1;0.4;238;0.4;1.19;0.7;0.8;0.98;311;-;-;-;-;-;-;-;-;-
2300.38;0.691;5.363;1;2802.396;1956.07;354.527;3959.38;0.796;240.704;1;1;30;135;370;17.02;28;1.4;0.15;0.1;0.11;233;1.5;1.15;0.7;0.6;1;224;-;-;-;-;-;-;-;-;-
6556.229;0.637;13.159;1;5583.43;4347.97;154.318;6012.57;0.609;232.726;1;1;45;132;402;23.95;29;1.9;0.15;0;0.35;56;0.6;1.05;0.9;0.7;1.04;276;-;-;-;-;-;-;-;-;-
1079.257;0.336;2.887;0.979;1652.338;1346.46;64.164;1885.62;0.479;215.192;1;1;86;107;435;19.95;8;4.2;0.19;0.05;0.39;72;1.3;1.22;0.7;0.7;0.99;263;-;-;-;-;-;-;-;-;-
2182.735;0.663;5.14;1;2437.808;1500.19;147.768;2975.45;0.867;332.829;1;1;30;251;438;48.47;15;0.8;0.17;0.02;0.45;133;0.8;1.23;0.8;0.9;0.99;280;-;-;-;-;-;-;-;-;-
225.37;0.233;1.372;0.275;691.911;691.911;69.191;665.072;0;237.833;2;1;77;232;368;39.99;6;1.2;0.17;0.03;0.03;90;0.3;1.03;0.9;0.7;1.05;263;426;180;267678;0.005;0.01;-;-;-;-
9401.324;0.501;16.697;1;8873.97;7833.44;783.344;9906.53;0.385;168.764;2;1;69;93;489;15.47;50;3.1;0.15;0.06;0.33;67;0.3;1.2;0.7;1;1.01;309;208;351;84540;0.003;0.01;-;-;-;-
2893.892;0.375;5.781;1;2148.61;2148.61;214.861;2014.31;0;207.243;2;1;77;95;420;19.27;11;0.2;0.19;0.06;0.19;103;0.3;1.03;0.9;0.4;1.04;322;274;137;205268;0.001;0.01;-;-;-;-
6362.794;0.564;11.99;1;6883.33;3584.26;358.426;7085.41;0.771;206.884;2;1;44;158;308;23.01;25;3.8;0.18;0.09;0.28;232;0.3;1.09;0.9;0.3;1;302;389;487;133697;0.005;0.01;-;-;-;-
-147.538;0.32;0.756;0.112;480.818;320.794;32.079;517.639;0.62;249.853;2;1;75;158;363;47.83;3;2.4;0.15;0.11;0.33;232;1.4;1.21;0.9;0.5;1.05;300;150;207;46864;0.003;0.01;-;-;-;-
4510.538;0.222;8.531;1;4565.35;4565.35;456.535;4893.4;0;207.777;2;1;69;182;365;48.3;49;1.1;0.19;0.08;0.21;255;0.2;1.15;0.8;1;1.04;245;97;360;56913;0.001;0.01;-;-;-;-
3232.466;0.273;6.515;1;3995.656;3852.27;385.227;3891.71;0.037;220.695;2;1;53;176;337;21.07;48;0.7;0.16;0.13;0.24;210;1.2;1.01;0.7;0.8;1;274;429;399;91410;0.004;0.01;-;-;-;-
3625.086;0.456;7.394;1;3702.24;2552.52;255.252;4346.75;0.789;357.247;2;1;29;12;475;34.72;45;0.3;0.17;0.19;0.32;185;1.2;1.25;0.9;1;1.02;295;476;290;5001;0.004;0.01;-;-;-;-
16376.746;0.55;27.701;1;13395.08;10442.2;1044.22;13304.8;0.603;87.51;2;1;87;22;300;47.94;38;1.6;0.17;0.1;0.16;82;0.5;1.06;0.9;0.4;1.03;224;140;203;161809;0.005;0.01;-;-;-;-
2643.599;0.356;5.523;1;2861.348;2651.86;265.186;3136.56;0.298;237.033;2;1;51;134;305;40.37;29;3;0.15;0.05;0.13;98;0.5;1.07;0.8;0.8;0.98;221;97;116;6016;0.003;0.01;-;-;-;-
4506.261;0.515;8.646;1;3800.2;3090.02;309.002;4003.05;0.493;219.898;2;1;57;66;428;23.09;20;2.7;0.16;0.03;0.22;160;0.6;1.14;0.9;0.8;1.03;326;310;108;38779;0.002;0.01;-;-;-;-
13246.977;0.476;23.177;1;21715.1;9865.2;986.52;22437.5;0.817;168.377;2;1;67;66;434;30.76;45;1.6;0.2;0.04;0.18;90;1.5;1.13;0.7;0.3;1;308;59;407;236382;0.004;0.01;-;-;-;-
5225.69;0.567;10.115;1;4838.161;4420.06;442.006;5280.98;0.431;359.058;2;1;37;95;408;30.51;42;1.4;0.15;0.14;0.46;153;0.2;1.01;0.8;0.6;0.98;162;77;271;1294;0.004;0.01;-;-;-;-
-593.936;0.038;-0.04;0;13.757;11.637;1.164;0;0;124.834;2;1;34;62;318;15.27;2;4.6;0.15;0.2;0.33;250;1.2;1.03;0.7;0.7;0.98;325;130;432;251806;0.003;0.01;-;-;-;-
4287.258;0.571;8.467;1;6489.44;2663.13;266.313;6730.21;0.848;211.809;2;1;38;109;409;48.1;23;4.6;0.19;0.19;0.08;134;0.6;1.09;0.8;0.9;1;221;392;347;263746;0.001;0.01;-;-;-;-
4101.623;0.247;7.839;1;7317.84;3322.39;332.239;7552.76;0.741;197.638;2;1;70;109;314;49.03;41;3.9;0.18;0.2;0.49;220;1.4;1.17;0.8;0.6;1.04;256;75;445;46306;0.005;0.01;-;-;-;-
-303.956;0.299;0.47;0.024;348.618;229.735;22.974;394.978;0.636;190.158;2;1;37;55;376;2.65;6;3.8;0.12;0.1;0.44;64;1.1;1.17;0.8;0.6;0.99;179;354;488;36253;0.003;0.01;-;-;-;-
5860.09;0.557;11.38;1;4953.178;4784.46;478.446;5128.93;0.353;273.001;2;1;26;236;481;29.26;47;0.5;0.19;0.04;0.46;187;0.5;1.04;0.9;0.9;1.01;260;170;373;181587;0.005;0.01;-;-;-;-
38.435;0.038;1.062;0.196;583.429;583.429;58.343;535.371;0;261.197;2;1;99;215;310;2.37;48;3.1;0.1;0.06;0.43;181;0.6;1.11;0.8;0.9;0.98;296;416;172;1533;0.004;0.01;-;-;-;-
-109.283;0.437;0.81;0.13;445.391;335.425;33.542;516.593;0.568;273.964;2;1;39;68;436;36.32;3;2.1;0.2;0.02;0.16;130;1.5;1.19;0.9;0.9;1;232;207;125;48163;0.001;0.01;-;-;-;-
888.938;0.047;2.457;1;556.898;556.898;55.69;0;0;107.822;2;1;83;17;336;49.21;27;4.3;0.16;0.07;0.17;234;0.3;1.09;0.9;0.4;0.99;339;316;163;3189;0.001;0.01;-;-;-;-
4486.067;0.36;8.267;1;11616.15;3919.19;391.919;12369.9;0.834;233.965;2;1;92;96;495;46.64;26;4.1;0.17;0.19;0.4;225;1.1;1.13;0.7;0.5;1;151;59;133;233449;0.002;0.01;-;-;-;-
-353.9;0.377;0.427;0.052;370.008;367.097;36.71;433.816;0.013;194.288;2;1;93;167;469;47.88;2;2;0.18;0.13;0.32;83;0.2;1.18;0.7;0.9;1.02;180;328;447;21046;0.004;0.01;-;-;-;-
1537.525;0.231;3.507;1;1539.14;1539.14;153.914;1458.62;0;272.564;2;1;87;231;482;37.18;14;0.2;0.15;0.05;0.02;261;0.4;1.02;0.9;0.9;1.02;335;451;421;77191;0.003;0.01;-;-;-;-
7525.662;0.517;13.206;1;7864.28;6026.35;602.635;8139.04;0.526;261.832;2;1;91;221;472;30.55;21;3.1;0.2;0.14;0.23;175;0.2;1.08;0.8;0.4;1.03;269;140;183;267459;0.004;0.01;-;-;-;-
2391.753;0.515;5.143;1;3195.481;3055.88;305.588;3763.98;0.257;230.956;2;1;42;161;311;41.18;30;1.2;0.18;0.2;0.21;139;0.2;1.22;0.7;0.6;1.03;234;237;191;8255;0.003;0.01;-;-;-;-
4074.768;0.33;8.048;1;4643.64;4643.64;464.364;5157.88;0;240.935;2;1;43;143;421;18.1;46;0.5;0.2;0.03;0.28;196;1.1;1.07;0.8;0.8;1.02;156;374;315;94862;0.001;0.01;-;-;-;-
4798.705;0.3;8.927;1;5345.39;4303.85;430.385;5341.35;0.49;216.799;2;1;77;140;364;35.18;37;4.1;0.15;0.03;0.3;80;1.1;1.11;0.7;0.9;1.05;304;379;188;139260;0.001;0.01;-;-;-;-
2553.395;0.183;5.163;1;2487.423;2482.88;248.288;2365.46;0.002;199.672;2;1;87;79;339;26.35;32;0.1;0.16;0.1;0.01;65;0.8;1.15;0.8;0.4;1.05;325;378;73;13689;0.005;0.01;-;-;-;-
4720.959;0.628;9.246;1;5229.89;2791.22;279.122;5483.45;0.786;218.982;2;1;36;80;428;15.62;18;2.1;0.2;0.04;0.06;215;0.7;1.14;0.9;0.4;1.01;339;200;108;176205;0.002;0.01;-;-;-;-
5595.74;0.603;10.912;1;17035.58;3433.28;343.328;18028;0.934;240.747;2;1;26;163;403;46.59;44;3.5;0.19;0.13;0.21;123;1.5;1.25;0.8;0.5;0.99;187;325;87;241727;0.002;0.01;-;-;-;-
3527.6;0.253;7.002;1;4011.37;3197.28;319.728;4395.93;0.489;186.102;2;1;55;45;299;21.99;43;3.8;0.17;0.06;0.32;116;1.5;1.12;0.8;0.9;1.01;182;111;260;47040;0.001;0.01;-;-;-;-
7823.131;0.507;13.992;1;9433.23;4865.44;486.544;10304.8;0.795;196.105;2;1;73;124;433;47.13;26;1.5;0.16;0.06;0.45;51;1;1.18;0.9;0.4;1;213;123;490;132776;0.005;0.01;-;-;-;-
349.897;0.029;1.588;0.586;383.609;341.899;34.19;0;0.109;189.408;2;1;64;186;321;2.41;41;2.5;0.15;0.15;0.5;227;1.1;1.16;0.8;0.9;0.98;338;176;453;83624;0.002;0.01;-;-;-;-
963.784;0.208;2.66;0.71;1317.633;1132.12;113.212;1459.37;0.407;268.109;2;1;46;229;343;6.52;22;3.4;0.18;0.06;0.44;213;0.9;1.21;0.9;0.4;1.04;301;352;221;174093;0.002;0.01;-;-;-;-
5307.09;0.26;9.802;1;6000.43;5022.09;502.209;6154.42;0.46;260.309;2;1;74;155;456;7.03;43;3.4;0.18;0.05;0.42;267;0.9;1.09;0.7;0.5;1;332;141;421;270770;0.002;0.01;-;-;-;-
2830.658;0.153;5.562;1;3455.35;3455.35;345.535;3837.22;0;228.438;2;1;96;15;451;22.84;36;0.2;0.2;0.03;0.17;235;1.4;1.14;0.7;0.7;1.02;244;416;130;267326;0.002;0.01;-;-;-;-
4555.373;0.74;9.104;1;7121.08;2279.83;227.983;7406.48;0.95;213.283;2;1;23;82;312;21.58;26;2.8;0.16;0.03;0.42;281;0.4;1.13;0.9;0.3;1.02;170;271;185;211422;0.001;0.01;-;-;-;-
3106.969;0.392;6.412;1;4558.53;3464.07;346.407;5387.76;0.566;212.508;2;1;38;168;340;30.24;42;1.9;0.19;0.09;0.39;64;1.4;1.23;0.7;0.8;1.02;170;234;208;179497;0.003;0.01;-;-;-;-
602.286;0.149;2.039;0.376;1631.747;1322.98;132.298;2072.93;0.406;359.784;2;1;45;163;402;27.94;37;4.1;0.19;0.2;0.1;257;1.4;1.07;0.7;0.9;1;194;59;147;7970;0.001;0.01;-;-;-;-
7142.208;0.379;13.219;1;10880.26;4687.33;468.733;11791.4;0.797;233.111;2;1;51;82;362;20.05;45;2.8;0.17;0;0.17;196;1.5;1.2;0.9;0.3;1;247;262;154;42176;0.003;0.01;-;-;-;-
3762.348;0.738;7.608;1;5096.91;2333.73;233.373;5413.88;0.908;156.892;2;1;32;16;371;42.58;20;2.6;0.18;0.16;0.09;170;0.7;1.18;0.8;0.9;1;313;255;213;281009;0.003;0.01;-;-;-;-
8438.943;0.334;14.617;1;6704.644;6130.46;613.046;6812.54;0.349;190.739;2;1;95;131;437;47.48;37;2.5;0.16;0.08;0.02;61;1.3;1.14;0.9;1;1.05;302;400;383;140519;0.003;0.01;-;-;-;-
1097.078;0.176;2.775;0.757;1832.663;1757.74;175.774;1867.42;0.143;226.793;2;1;93;164;322;37.82;19;2.9;0.19;0.12;0.17;238;1.3;1.13;0.7;0.7;1.05;272;208;120;39289;0.003;0.01;-;-;-;-
674.697;0.264;2.097;0.59;1424.519;762.055;76.206;1454.23;0.722;237.635;2;1;89;128;362;24.28;5;4.8;0.2;0.06;0.29;270;0.9;1.11;0.9;0.3;1.03;286;157;135;258240;0.001;0.01;-;-;-;-
1101.919;0.048;3.44;1;372.083;366.014;36.601;0;0.017;116;3;1;333;115;256;27.83;37;0.6;0.15;0.11;0.14;130;0.6;1.11;0.9;0.3;1;349;-;-;-;-;-;320;510;-;-
-660.45;0.012;0.132;0;47.081;45.153;4.515;0;0.041;140.149;3;1;352;140;408;40.67;8;0.1;0.15;0.16;0.02;54;0.6;1.25;0.8;0.5;1.05;196;-;-;-;-;-;510;840;-;-
-123.141;0.021;0.726;0;97.544;97.544;9.754;0;0;172;3;1;407;172;240;37.11;36;4.7;0.2;0.07;0.08;138;0.5;1.24;0.7;0.4;1.05;272;-;-;-;-;-;500;960;-;-
52.785;0.036;1.114;1;131.63;131.63;13.163;0;0;176;3;1;205;176;407;35.64;30;2.6;0.19;0.07;0.24;80;0.9;1.24;0.8;0.3;0.98;350;-;-;-;-;-;540;1510;-;-
-469.909;0.024;-0.034;0;5.081;4.852;0.485;0;0;107;3;1;216;107;439;39.11;2;2.5;0.2;0.17;0.27;87;0.6;1.02;0.9;0.8;1;219;-;-;-;-;-;310;1630;-;-
-393.6;0.011;0.132;0;24.583;24.583;2.458;0;0;100;3;1;326;100;364;4.12;35;4.2;0.15;0.05;0.34;60;0.6;1.23;0.8;0.8;1.01;152;-;-;-;-;-;350;1600;-;-
159.011;0.047;1.373;1;168.294;150.362;15.036;0;0;102;3;1;407;101;315;23.27;41;4.9;0.15;0.14;0.32;117;0.9;1.02;0.8;0.3;1;349;-;-;-;-;-;330;400;-;-
-281.884;0.017;0.366;0;41.629;41.629;4.163;0;0;138;3;1;135;133;376;41.15;24;2.4;0.2;0.02;0.12;178;1;1.16;0.9;0.6;1.04;225;-;-;-;-;-;370;1170;-;-
-63.803;0.021;0.86;0;117.512;97.629;9.763;0;0.169;151;3;1;232;151;450;12.81;41;2.4;0.19;0.15;0.21;160;1.4;1.2;0.9;0.3;1;264;-;-;-;-;-;540;1280;-;-
-324.901;0.034;0.325;0;42.466;42.335;4.234;0;0.003;92;3;1;333;88;477;47.64;8;0.6;0.15;0.1;0.29;121;1;1.24;0.9;0.6;1.01;256;-;-;-;-;-;470;1910;-;-
-141.817;0.041;0.68;0;74.159;72.177;7.218;0;0;79;3;1;255;79;297;11.26;25;2.7;0.17;0.18;0.1;72;0.4;1.11;0.9;0.8;1;269;-;-;-;-;-;350;1160;-;-
-416.686;0.022;0.081;0;16.538;14.396;1.44;0;0;118;3;1;47;101;406;41.36;17;2.3;0.17;0.19;0.06;185;1.1;1.08;0.9;0.4;1;231;-;-;-;-;-;470;1720;-;-
42.207;0.035;1.09;0.309;131.987;131.987;13.199;0;0;155.002;3;1;358;155;212;16.08;19;1.6;0.18;0.03;0.08;160;1.5;1.15;0.9;0.6;1.02;328;-;-;-;-;-;670;1340;-;-
560.761;0.024;2.13;1;313.863;312.812;31.281;0;0.004;152.005;3;1;408;152;320;36.9;40;0.4;0.15;0.1;0.48;96;1;1.14;0.8;0.6;0.99;267;-;-;-;-;-;320;1530;-;-
1524.981;0.416;4.54;1;1023.578;1007.27;100.727;1125.48;0.756;265.904;3;1;410;107;438;10.02;21;3.9;0.2;0.07;0.34;58;0.2;1.13;0.9;0.8;1.04;241;-;-;-;-;-;320;490;-;-
5.313;0.028;1.012;0;116.704;116.704;11.67;0;0;154;3;1;107;154;385;20.24;49;2.2;0.16;0.04;0.33;76;1.4;1.1;0.8;1;0.98;292;-;-;-;-;-;370;770;-;-
-241.395;0.025;0.444;0;67.162;61.394;6.139;0;0;79;3;1;150;77;357;31.03;33;0.9;0.15;0.19;0.26;99;0.3;1.18;0.7;0.3;0.98;199;-;-;-;-;-;410;520;-;-
-228.058;0.007;0.528;0;82.771;82.771;8.277;0;0;166.009;3;1;422;166;214;37.42;34;0.5;0.15;0.05;0.12;63;1.5;1.07;0.8;0.5;1;200;-;-;-;-;-;350;990;-;-
-254.884;0.026;0.442;0;63.864;63.864;6.386;0;0;116;3;1;177;104;341;31.56;41;4.7;0.16;0.05;0.43;171;0.9;1.05;0.7;0.7;1.01;244;-;-;-;-;-;470;1790;-;-
-301.316;0.045;0.309;0;34.034;34.034;3.403;0;0;64;3;1;87;61;307;46.13;28;4.8;0.15;0.04;0.35;84;0.2;1.17;0.9;0.7;0.99;290;-;-;-;-;-;320;1190;-;-
4040.327;0.468;10.101;1;6319.37;1741.23;174.123;6390.96;0.957;320.938;3;1;429;171;473;49.89;21;3;0.18;0.11;0.05;85;1.4;1.01;0.9;0.4;0.99;264;-;-;-;-;-;480;540;-;-
-158.072;0.018;0.655;0;84.06;81.218;8.122;0;0.034;140;3;1;382;140;309;31.04;44;3.4;0.15;0.2;0.09;98;0.4;1.02;0.8;0.7;1.01;224;-;-;-;-;-;480;1430;-;-
-450.018;0.035;-0.041;0;4.121;4.121;0.412;0;0;109;3;1;149;109;248;47.29;2;3.9;0.16;0.03;0.07;73;1.5;1.14;0.8;0.6;0.99;284;-;-;-;-;-;390;740;-;-
459.254;0.029;2.002;1;212.358;210.637;21.064;0;0.008;132;3;1;150;132;430;20.17;37;0.4;0.15;0.12;0.1;65;0.4;1.03;0.9;0.6;1.02;271;-;-;-;-;-;450;840;-;-
-322.527;0.04;0.285;0;40.455;40.455;4.045;0;0;113;3;1;59;111;455;3.02;26;3.9;0.15;0.01;0.16;137;1.3;1.09;0.8;0.8;1.02;315;-;-;-;-;-;380;1740;-;-
-459.845;0.043;-0.037;0;5.672;5.161;0.516;0;0;114;3;1;360;97;310;39.32;2;4.5;0.15;0.19;0.28;181;0.9;1.18;0.8;0.9;0.98;323;-;-;-;-;-;380;1110;-;-
1618.821;0.38;4.638;1;1752.121;1663.82;166.382;1935.36;0.05;245.47;3;1;202;142;409;18.81;27;0.8;0.17;0.19;0.3;99;0.4;1.1;0.7;0.7;1.01;224;-;-;-;-;-;530;360;-;-
-391.693;0.013;0.136;0;33.211;32.836;3.284;0;0.011;171.649;3;1;278;171;363;4.56;15;1.3;0.17;0.11;0.12;89;1.2;1.23;0.8;0.8;1.02;234;-;-;-;-;-;320;880;-;-
-181.475;0.035;0.581;0;65.005;60.714;6.071;0;0;154;3;1;194;153;317;15.15;28;3.9;0.15;0.2;0.3;174;0.6;1.2;0.9;1;0.98;320;-;-;-;-;-;480;520;-;-
-290.303;0.024;0.344;0;40.498;40.498;4.05;0;0;76;3;1;312;76;207;28.15;14;1.7;0.17;0.04;0.23;57;0.6;1.02;0.9;0.4;1.05;194;-;-;-;-;-;420;870;-;-
-257.842;0.036;0.414;0;77.001;53.477;5.348;0;0.304;93;3;1;268;68;439;13.11;28;3.4;0.17;0.2;0.31;163;1.2;1.24;0.8;0.3;1.04;315;-;-;-;-;-;310;1120;-;-
-273.627;0.054;0.386;0;54.512;51.651;5.165;0;0.053;83;3;1;71;83;229;34.54;32;4.2;0.16;0.16;0.48;64;0.2;1.13;0.8;0.4;0.99;348;-;-;-;-;-;370;1550;-;-
-414.443;0.024;0.055;0;14.53;14.362;1.436;0;0;112;3;1;38;106;486;19.19;22;4.7;0.19;0.12;0.29;151;0.3;1.22;0.7;0.6;1.04;225;-;-;-;-;-;300;1340;-;-
-336.376;0.011;0.285;0;40.715;40.715;4.072;0;0;160;3;1;249;160;354;28.29;28;2.2;0.18;0.08;0.22;94;0.6;1.16;0.8;0.6;1;212;-;-;-;-;-;580;1790;-;-
-484.218;0.021;-0.091;0;1.691;1.505;0.151;0;0.11;57;3;1;222;56;416;6.08;2;4.2;0.16;0.2;0.17;69;1.1;1.23;0.8;0.8;0.98;158;-;-;-;-;-;360;1360;-;-
-259.002;0.015;0.417;0;53.961;53.961;5.396;0;0;147;3;1;334;147;356;27.14;32;3.1;0.16;0.05;0.43;119;1.5;1.18;0.8;0.9;1.01;221;-;-;-;-;-;380;880;-;-
-239.694;0.035;0.477;0;76.471;74.166;7.417;0;0.031;172.033;3;1;136;172;380;1.78;32;2.9;0.14;0.12;0.12;107;1;1.23;0.8;0.5;0.99;343;-;-;-;-;-;310;1800;-;-
-493.801;0.021;-0.05;0;4.917;4.917;0.492;0;0;84;3;1;130;79;241;27.23;2;0.4;0.15;0.09;0.44;115;1;1.19;0.9;0.8;1.01;184;-;-;-;-;-;340;1920;-;-
-379.542;0.022;0.135;0;25.344;24.404;2.44;0;0;166;3;1;75;166;499;17.88;26;4.1;0.16;0.2;0.02;94;0.6;1.21;0.7;1;1;266;-;-;-;-;-;710;740;-;-
-254.274;0.042;0.449;0;54.543;50.598;5.06;0;0;140;3;1;107;138;401;37.45;14;2;0.18;0.2;0.19;166;0.6;1.02;0.9;0.6;0.98;345;-;-;-;-;-;360;1940;-;-
-333.884;0.105;0.205;0;91.368;91.368;9.137;68.842;0;188.588;3;1;48;134;391;0.2;48;5;0.08;0.05;0.43;183;0.6;1.08;0.7;1;1.04;334;-;-;-;-;-;430;320;-;-
-326.036;0.025;0.298;0;41.423;41.423;4.142;0;0;148;3;1;327;145;417;42.07;14;5;0.19;0.05;0.36;179;1.3;1.04;0.8;0.6;1.03;272;-;-;-;-;-;610;1730;-;-
11.816;0.024;1.026;0.246;133.191;128.419;12.842;0;0.036;86;3;1;394;78;280;49;36;0.9;0.18;0.12;0.28;125;1.3;1.23;0.8;0.8;1.03;200;-;-;-;-;-;410;1100;-;-
-286.612;0.079;0.353;0.042;258.248;182.877;18.288;321.883;0.293;243.788;3;1;385;163;341;1.21;47;3.9;0.08;0.2;0.39;159;0.9;1.15;0.9;0.3;1;188;-;-;-;-;-;650;540;-;-
-347.765;0.026;0.221;0;27.966;27.966;2.797;0;0;175;3;1;402;175;323;40.3;10;4.4;0.16;0.09;0.39;69;0.7;1.23;0.9;1;0.99;299;-;-;-;-;-;470;860;-;-
1682.978;0.515;4.877;1;1883.348;773.328;77.333;1992.89;0.959;229.2;3;1;178;126;397;38.32;12;1.6;0.2;0.08;0.4;59;0.3;1.19;0.8;0.6;1.02;303;-;-;-;-;-;560;310;-;-
-363.686;0.034;0.154;0;21.923;21.923;2.192;0;0;143;3;1;74;143;499;2.68;30;2.7;0.06;0.05;0.24;61;0.7;1.21;0.9;0.8;1.04;312;-;-;-;-;-;320;710;-;-
203.323;0.129;1.464;0.343;489.473;489.473;48.947;471.624;0;262.946;3;1;416;163;450;1.82;40;4.4;0.13;0.07;0.19;177;0.9;1.14;0.8;0.6;1.05;339;-;-;-;-;-;640;350;-;-
315.118;0.044;1.69;1;225.671;219.125;21.912;0;0;118;3;1;289;103;424;45.47;37;1;0.16;0.17;0.45;182;0.2;1.15;0.7;0.8;0.99;327;-;-;-;-;-;480;1080;-;-
-259.303;0.008;0.446;0;51.11;51.11;5.111;0;0;162;3;1;179;160;282;20.49;45;1.7;0.18;0.07;0.21;186;0.2;1.05;0.9;0.9;1;200;-;-;-;-;-;560;1740;-;-
41.182;0.036;1.089;0.4;183.441;158.039;15.804;0;0.139;156;3;1;231;156;313;10.12;44;3.3;0.19;0.2;0.41;79;1;1.15;0.7;0.9;1;342;-;-;-;-;-;620;1700;-;-
413.509;0.03;1.865;1;277.348;277.348;27.735;0;0;134;3;1;298;134;493;44.85;37;0.6;0.15;0.01;0.2;137;1.4;1.07;0.7;0.9;1.01;288;-;-;-;-;-;570;1380;-;-
-195.847;0.014;0.563;0;64.154;61.896;6.19;0;0;163;3;1;267;163;434;40.38;36;2.8;0.17;0.11;0.18;68;1.5;1.06;0.9;0.3;1.05;230;-;-;-;-;-;450;1000;-;-
3981.694;0.455;9.996;1;5029.92;2191.52;219.152;5653.66;0.956;269.512;3;1;231;147;433;26.52;35;1.6;0.19;0.1;0.26;75;0.4;1.24;0.7;0.4;1;199;-;-;-;-;-;620;440;-;-
-421.319;0.004;0.062;0;16.093;16.093;1.609;0;0;156;3;1;424;156;434;27.14;31;3;0.16;0.09;0.05;138;0.8;1.15;0.8;0.7;1.01;175;-;-;-;-;-;620;710;-;-
-419.767;0.051;0.068;0;20.351;19.731;1.973;0;0.031;78;3;1;317;47;234;33.38;5;1.6;0.16;0.11;0.22;149;1.4;1.19;0.7;0.5;0.98;330;-;-;-;-;-;330;1410;-;-
-439.568;0.041;0.009;0;7.559;7.559;0.756;0;0;134;3;1;299;134;212;24.71;2;3.4;0.15;0.04;0.04;100;0.2;1.17;0.9;0.3;1.02;337;-;-;-;-;-;420;940;-;-
-166.97;0.033;0.612;0;71.884;63.934;6.393;0;0;174;3;1;200;174;246;24.42;21;4.4;0.18;0.2;0.08;86;1.5;1.02;0.9;0.7;1.03;341;-;-;-;-;-;360;490;-;-
-325.952;0.012;0.26;0;43.717;41.252;4.125;0;0;141;3;1;100;141;481;19.5;49;2;0.16;0.12;0.33;116;1;1.11;0.7;0.4;1;198;-;-;-;-;-;360;1000;-;-
-464.438;0.031;-0.014;0;10.814;9.428;0.943;0;0.128;169;3;1;397;169;274;11.52;2;3.3;0.18;0.17;0.28;101;1.2;1.03;0.8;0.5;1.03;334;-;-;-;-;-;580;1170;-;-
-42.843;0.022;0.907;0;176.049;104.354;10.435;0;0.405;147;3;1;286;147;371;21.4;32;1.5;0.19;0.18;0.48;100;1.5;1.22;0.9;0.3;1.02;302;-;-;-;-;-;430;1290;-;-
-439.516;0.003;0.111;0;24.251;24.251;2.425;0;0;153.007;3;1;258;153;283;39.45;22;0.3;0.2;0.07;0.07;106;1.3;1.22;0.9;0.5;1;167;-;-;-;-;-;310;1640;-;-
-316.517;0.03;0.314;0;42.445;42.221;4.222;0;0;155;3;1;113;155;401;45.98;15;2.2;0.18;0.1;0.48;128;0.9;1.09;0.8;0.4;0.99;299;-;-;-;-;-;590;1660;-;-
-337.863;0.011;0.292;0;39.459;38.821;3.882;0;0.016;163;3;1;384;163;432;12.87;15;0.9;0.17;0.17;0.17;76;0.3;1.12;0.9;1;0.99;214;-;-;-;-;-;620;1190;-;-
-255.468;0.017;0.421;0;49.013;47.652;4.765;0;0.028;108;3;1;354;106;206;36.13;30;4.2;0.18;0.13;0.14;128;0.9;1.03;0.9;0.6;1.04;189;-;-;-;-;-;440;910;-;-
-194.587;0.02;0.575;0;71.769;71.769;7.177;0;0;147;3;1;135;147;239;44.96;27;0.8;0.16;0.09;0.04;118;0.9;1.21;0.8;0.6;1;244;-;-;-;-;-;340;1310;-;-
208.533;0.036;1.442;1;169.605;169.605;16.96;0;0;154;3;1;413;154;355;46.1;16;0.7;0.17;0;0.25;111;1.4;1.24;0.9;1;1.01;338;-;-;-;-;-;410;940;-;-
-448.194;0.013;0.009;0;11.738;11.738;1.174;0;0;161;3;1;204;161;427;5.95;9;4.2;0.18;0.04;0.27;70;0.3;1.09;0.7;0.5;1.01;226;-;-;-;-;-;680;1160;-;-
-459.204;0.008;0.026;0;17.593;17.593;1.759;0;0;148.409;3;1;152;144;300;1.97;14;0.4;0.11;0.01;0.06;175;0.8;1.15;0.9;1;1.01;190;-;-;-;-;-;580;1200;-;-
-222.785;0.033;0.496;0;53.543;53.543;5.354;0;0;175;3;1;85;175;259;24.49;20;2.1;0.15;0.07;0.18;73;1.1;1.05;0.9;0.4;1.05;335;-;-;-;-;-;430;970;-;-
-486.219;0.014;-0.012;0;9.761;9.761;0.976;0;0;112.013;3;1;322;112;267;40.52;2;0.4;0.2;0.01;0.38;94;1.3;1.1;0.9;1;1.02;181;-;-;-;-;-;490;1350;-;-
-358.218;0.016;0.195;0;33.607;33.607;3.361;0;0;105;3;1;382;103;422;48.92;16;3.2;0.2;0.02;0.38;126;1;1.07;0.7;0.8;0.99;184;-;-;-;-;-;350;1060;-;-
1549.905;0.303;4.555;1;1202.973;1182.24;118.224;1470.45;0.017;250.002;3;1;387;114;455;10.92;31;2.6;0.2;0.12;0.48;173;0.4;1.21;0.9;1;1.01;226;-;-;-;-;-;380;510;-;-
-480.469;0.007;-0.09;0;1.658;1.658;0.166;0;0;168;3;1;96;168;264;0.22;12;2.9;0.05;0.08;0.12;130;0.2;1.25;0.8;0.7;1.01;201;-;-;-;-;-;520;910;-;-
-375.472;0.017;0.125;0;26.984;26.071;2.607;0;0.034;84;3;1;58;84;430;49.56;45;3.3;0.18;0.15;0.06;77;1.2;1.14;0.7;1;1.05;167;-;-;-;-;-;300;850;-;-
-366.403;0.011;0.18;0;30.948;25.255;2.526;0;0;146;3;1;241;146;328;12.61;25;3.3;0.19;0.17;0.45;103;0.6;1.19;0.9;0.3;1.04;204;-;-;-;-;-;350;1170;-;-
-237.094;0.02;0.467;0;63.772;63.772;6.377;0;0;104;3;1;149;104;355;46.86;43;3.6;0.19;0.01;0.32;82;0.2;1.1;0.7;0.6;1.01;205;-;-;-;-;-;470;1230;-;-
2966.112;0.524;7.933;1;3367.08;1796.43;179.643;3464.1;0.884;213.546;3;1;308;132;324;22.06;33;3.9;0.19;0.15;0.32;56;0.3;1.08;0.7;0.4;1.02;239;-;-;-;-;-;370;320;-;-
421.171;0.142;1.502;0.362;966.106;962.877;96.288;1013.62;0.014;203.397;4;1;60;130;325;1;26;1;0.125;0.1;0.255;200;0.85;1.13;0.8;0.65;1.015;250;275;275;150500;0.003;0.003;700;700;9;9
794.897;0.19;1.947;0.526;1296.714;1285.48;128.548;1431.64;0.037;231.9;4;1;60;130;412.5;1;26;1;0.125;0.1;0.255;200;0.85;1.13;0.8;0.65;1.015;250;275;275;150500;0.003;0.003;700;700;9;9
1138.023;0.229;2.356;0.684;1582.654;1555.16;155.516;1800.7;0.082;262.562;4;1;60;130;500;1;26;1;0.125;0.1;0.255;200;0.85;1.13;0.8;0.65;1.015;250;275;275;150500;0.003;0.003;700;700;9;9
151.461;0.116;1.18;0.235;786.159;785.205;78.52;828.623;0.001;214.547;4;1;60;130;325;1;26;1;0.125;0.1;0.255;200;0.85;1.13;0.8;0.65;1.015;250;50;275;150500;0.003;0.003;700;700;9;9
286.877;0.129;1.342;0.295;874.826;873.757;87.376;918.552;0.002;208.097;4;1;60;130;325;1;26;1;0.125;0.1;0.255;200;0.85;1.13;0.8;0.65;1.015;250;162.5;275;150500;0.003;0.003;700;700;9;9
421.171;0.142;1.502;0.362;966.106;962.877;96.288;1013.62;0.014;203.397;4;1;60;130;325;1;26;1;0.125;0.1;0.255;200;0.85;1.13;0.8;0.65;1.015;250;275;275;150500;0.003;0.003;700;700;9;9
383.712;0.134;1.457;0.349;912.263;911.278;91.128;951.708;0.001;201.892;4;1;60;130;325;1;26;1;0.125;0.1;0.255;200;0.85;1.13;0.8;0.65;1.015;250;275;50;150500;0.003;0.003;700;700;9;9
402.042;0.139;1.479;0.354;946.147;945.017;94.502;990.556;0.002;202.458;4;1;60;130;325;1;26;1;0.125;0.1;0.255;200;0.85;1.13;0.8;0.65;1.015;250;275;162.5;150500;0.003;0.003;700;700;9;9
421.171;0.142;1.502;0.362;966.106;962.877;96.288;1013.62;0.014;203.397;4;1;60;130;325;1;26;1;0.125;0.1;0.255;200;0.85;1.13;0.8;0.65;1.015;250;275;275;150500;0.003;0.003;700;700;9;9
-317.496;0.023;0.622;0;155.151;154.971;15.497;0;0.001;141.003;4;1;60;130;325;1;26;1;0.125;0.1;0.255;200;0.85;1.13;0.8;0.65;1.015;250;275;387.5;150500;0.003;0.003;700;700;9;9
-317.496;0.023;0.622;0;155.151;154.971;15.497;0;0.001;141.003;4;1;60;130;325;1;26;1;0.125;0.1;0.255;200;0.85;1.13;0.8;0.65;1.015;250;275;500;150500;0.003;0.003;700;700;9;9
352.543;0.135;1.429;0.324;917.829;914.843;91.484;965.38;0.012;207.455;4;1;60;130;325;1;26;1;0.125;0.1;0.255;200;0.85;1.13;0.8;0.65;1.015;250;275;275;150500;0.003;0.003;300;700;9;9
421.171;0.142;1.502;0.362;966.106;962.877;96.288;1013.62;0.014;203.397;4;1;60;130;325;1;26;1;0.125;0.1;0.255;200;0.85;1.13;0.8;0.65;1.015;250;275;275;150500;0.003;0.003;700;700;9;9
477.561;0.056;1.511;0.488;918.444;917.309;91.731;873.843;0.001;208.201;4;1;150;130;325;1;26;1;0.125;0.1;0.255;200;0.85;1.13;0.8;0.65;1.015;250;275;275;150500;0.003;0.003;1150;700;9;9
704.883;0.034;1.671;0.801;986.701;985.464;98.546;842.15;0.001;210.615;4;1;270;130;325;1;26;1;0.125;0.1;0.255;200;0.85;1.13;0.8;0.65;1.015;250;275;275;150500;0.003;0.003;1575;700;9;9
953.469;0.024;1.794;0.974;1093.322;1091.95;109.195;809.556;0.001;211.008;4;1;430;130;325;1;26;1;0.125;0.1;0.255;200;0.85;1.13;0.8;0.65;1.015;250;275;275;150500;0.003;0.003;2000;700;9;9
383.63;0.134;1.467;0.354;911.27;909.576;90.958;940.954;0.006;195.668;4;1;60;130;325;1;26;1;0.125;0.1;0.255;200;0.85;1.13;0.8;0.65;1.015;250;275;275;150500;0.003;0.003;700;300;9;9
419.273;0.142;1.499;0.361;965.091;961.995;96.2;1012.73;0.013;203.545;4;1;60;130;325;1;26;1;0.125;0.1;0.255;200;0.85;1.13;0.8;0.65;1.015;250;275;275;150500;0.003;0.003;700;725;9;9
455.132;0.057;1.487;0.435;929.967;928.826;92.883;904.431;0.001;212.835;4;1;150;130;325;1;26;1;0.125;0.1;0.255;200;0.85;1.13;0.8;0.65;1.015;250;275;275;150500;0.003;0.003;700;1150;9;9
518.621;0.032;1.493;0.454;947.517;946.324;94.632;848.699;0.001;218.136;4;1;270;130;325;1;26;1;0.125;0.1;0.255;200;0.85;1.13;0.8;0.65;1.015;250;275;275;150500;0.003;0.003;700;1575;9;9
551.363;0.022;1.459;0.409;1011.316;1010.04;101.004;817.674;0.001;220.38;4;1;430;130;325;1;26;1;0.125;0.1;0.255;200;0.85;1.13;0.8;0.65;1.015;250;275;275;150500;0.003;0.003;700;2000;9;9
-119.138;0.094;0.858;0.144;634.964;634.432;63.443;688.873;0.001;234.865;4;1;60;130;325;1;26;1;0.125;0.1;0.255;200;0.85;1.13;0.8;0.65;1.015;250;275;275;1000;0.003;0.003;700;700;9;9
367.776;0.137;1.438;0.332;933.316;930.715;93.072;979.984;0.011;205.476;4;1;60;130;325;1;26;1;0.125;0.1;0.255;200;0.85;1.13;0.8;0.65;1.015;250;275;275;75750;0.003;0.003;700;700;9;9
421.171;0.142;1.502;0.362;966.106;962.877;96.288;1013.62;0.014;203.397;4;1;60;130;325;1;26;1;0.125;0.1;0.255;200;0.85;1.13;0.8;0.65;1.015;250;275;275;150500;0.003;0.003;700;700;9;9
444.162;0.144;1.529;0.376;980.031;976.5;97.65;1027.94;0.015;202.538;4;1;60;130;325;1;26;1;0.125;0.1;0.255;200;0.85;1.13;0.8;0.65;1.015;250;275;275;225250;0.003;0.003;700;700;9;9
456.988;0.145;1.545;0.384;987.752;984.044;98.404;1035.88;0.016;202.068;4;1;60;130;325;1;26;1;0.125;0.1;0.255;200;0.85;1.13;0.8;0.65;1.015;250;275;275;300000;0.003;0.003;700;700;9;9
328.215;0.134;1.391;0.312;908.629;906.429;90.643;954.741;0.009;207.102;4;1;60;130;325;1;26;1;0.125;0.1;0.255;200;0.85;1.13;0.8;0.65;1.015;250;275;275;150500;0.001;0.003;700;700;9;9
391.761;0.139;1.467;0.345;948.123;945.252;94.525;995.161;0.012;204.526;4;1;60;130;325;1;26;1;0.125;0.1;0.255;200;0.85;1.13;0.8;0.65;1.015;250;275;275;150500;0.002;0.003;700;700;9;9
421.171;0.142;1.502;0.362;966.106;962.877;96.288;1013.62;0.014;203.397;4;1;60;130;325;1;26;1;0.125;0.1;0.255;200;0.85;1.13;0.8;0.65;1.015;250;275;275;150500;0.003;0.003;700;700;9;9
438.19;0.143;1.522;0.372;976.425;972.974;97.297;1024.23;0.015;202.759;4;1;60;130;325;1;26;1;0.125;0.1;0.255;200;0.85;1.13;0.8;0.65;1.015;250;275;275;150500;0.004;0.003;700;700;9;9
449.298;0.144;1.535;0.379;983.127;979.526;97.953;1031.12;0.015;202.349;4;1;60;130;325;1;26;1;0.125;0.1;0.255;200;0.85;1.13;0.8;0.65;1.015;250;275;275;150500;0.005;0.003;700;700;9;9
281.893;0.123;1.336;0.302;835.978;834.708;83.471;855.406;0.004;195.845;4;1;60;130;325;1;26;1;0.125;0.1;0.255;200;0.85;1.13;0.8;0.65;1.015;250;275;275;150500;0.003;0.001;700;700;9;9
371.959;0.135;1.443;0.341;919.262;917.058;91.706;957.1;0.009;200.868;4;1;60;130;325;1;26;1;0.125;0.1;0.255;200;0.85;1.13;0.8;0.65;1.015;250;275;275;150500;0.003;0.002;700;700;9;9
421.171;0.142;1.502;0.362;966.106;962.877;96.288;1013.62;0.014;203.397;4;1;60;130;325;1;26;1;0.125;0.1;0.255;200;0.85;1.13;0.8;0.65;1.015;250;275;275;150500;0.003;0.003;700;700;9;9
456.436;0.147;1.544;0.377;1000.25;995.944;99.594;1054.59;0.019;205.168;4;1;60;130;325;1;26;1;0.125;0.1;0.255;200;0.85;1.13;0.8;0.65;1.015;250;275;275;150500;0.003;0.004;700;700;9;9
484.416;0.151;1.577;0.389;1027.468;1022.04;102.204;1087.18;0.024;206.579;4;1;60;130;325;1;26;1;0.125;0.1;0.255;200;0.85;1.13;0.8;0.65;1.015;250;275;275;150500;0.003;0.005;700;700;9;9
386.028;0.136;1.477;0.348;927.291;924.838;92.484;973.733;0.01;205.8;4;1;60;130;325;1;26;1;0.125;0.1;0.255;200;0.85;1.13;0.8;0.65;1.015;250;275;275;150500;0.003;0.003;700;700;5;9
421.171;0.142;1.502;0.362;966.106;962.877;96.288;1013.62;0.014;203.397;4;1;60;130;325;1;26;1;0.125;0.1;0.255;200;0.85;1.13;0.8;0.65;1.015;250;275;275;150500;0.003;0.003;700;700;9;9
424.618;0.145;1.487;0.357;986.925;983.135;98.314;1035.2;0.016;202.255;4;1;60;130;325;1;26;1;0.125;0.1;0.255;200;0.85;1.13;0.8;0.65;1.015;250;275;275;150500;0.003;0.003;700;700;13;9
406.672;0.145;1.458;0.345;984.058;980.58;98.058;1032.05;0.015;202.255;4;1;60;130;325;1;26;1;0.125;0.1;0.255;200;0.85;1.13;0.8;0.65;1.015;250;275;275;150500;0.003;0.003;700;700;15;9
-255.444;0.023;0.672;0;155.151;154.971;15.497;0;0.001;141.003;4;1;60;130;325;1;26;1;0.125;0.1;0.255;200;0.85;1.13;0.8;0.65;1.015;250;275;275;150500;0.003;0.003;700;700;9;1
341.792;0.129;1.422;0.337;873.154;871.479;87.148;899.321;0.006;197.028;4;1;60;130;325;1;26;1;0.125;0.1;0.255;200;0.85;1.13;0.8;0.65;1.015;250;275;275;150500;0.003;0.003;700;700;9;5
421.171;0.142;1.502;0.362;966.106;962.877;96.288;1013.62;0.014;203.397;4;1;60;130;325;1;26;1;0.125;0.1;0.255;200;0.85;1.13;0.8;0.65;1.015;250;275;275;150500;0.003;0.003;700;700;9;9
443.666;0.148;1.509;0.361;1010.716;1005.93;100.593;1067.94;0.021;206.395;4;1;60;130;325;1;26;1;0.125;0.1;0.255;200;0.85;1.13;0.8;0.65;1.015;250;275;275;150500;0.003;0.003;700;700;9;13
455.367;0.151;1.513;0.362;1031.942;1027.33;102.733;1093.96;0.02;207.731;4;1;60;130;325;1;26;1;0.125;0.1;0.255;200;0.85;1.13;0.8;0.65;1.015;250;275;275;150500;0.003;0.003;700;700;9;15
-681.605;0.013;0.188;0;88.273;88.179;8.818;67.025;0.001;229.331;4;1;60;130;325;0.01;26;1;0.125;0.1;0.255;200;0.85;1.13;0.8;0.65;1.015;250;275;275;150500;0.003;0.003;700;700;9;9
-486.787;0.033;0.42;0;222.004;221.741;22.174;204.808;0.001;221.512;4;1;60;130;325;0.1;26;1;0.125;0.1;0.255;200;0.85;1.13;0.8;0.65;1.015;250;275;275;150500;0.003;0.003;700;700;9;9
421.171;0.142;1.502;0.362;966.106;962.877;96.288;1013.62;0.014;203.397;4;1;60;130;325;1;26;1;0.125;0.1;0.255;200;0.85;1.13;0.8;0.65;1.015;250;275;275;150500;0.003;0.003;700;700;9;9
3637.287;0.437;5.334;1;3677.72;2965.18;296.518;3962.41;0.804;208.454;4;1;60;130;325;10;26;1;0.125;0.1;0.255;200;0.85;1.13;0.8;0.65;1.015;250;275;275;150500;0.003;0.003;700;700;9;9
6517.83;0.495;8.766;1;8447;3357.06;335.706;8747.5;0.949;184.952;4;1;60;130;325;50;26;1;0.125;0.1;0.255;200;0.85;1.13;0.8;0.65;1.015;250;275;275;150500;0.003;0.003;700;700;9;9
-859.236;0.142;-0.024;0;74.316;74.068;7.407;77.971;0.014;203.397;4;1;60;130;325;1;2;1;0.125;0.1;0.255;200;0.85;1.13;0.8;0.65;1.015;250;275;275;150500;0.003;0.003;700;700;9;9
-189.112;0.142;0.775;0.116;520.211;518.472;51.847;545.796;0.014;203.397;4;1;60;130;325;1;14;1;0.125;0.1;0.255;200;0.85;1.13;0.8;0.65;1.015;250;275;275;150500;0.003;0.003;700;700;9;9
421.171;0.142;1.502;0.362;966.106;962.877;96.288;1013.62;0.014;203.397;4;1;60;130;325;1;26;1;0.125;0.1;0.255;200;0.85;1.13;0.8;0.65;1.015;250;275;275;150500;0.003;0.003;700;700;9;9
1008.549;0.142;2.202;0.823;1412;1407.28;140.728;1481.45;0.014;203.397;4;1;60;130;325;1;38;1;0.125;0.1;0.255;200;0.85;1.13;0.8;0.65;1.015;250;275;275;150500;0.003;0.003;700;700;9;9
1595.927;0.142;2.902;1;1857.9;1851.69;185.169;1949.27;0.014;203.397;4;1;60;130;325;1;50;1;0.125;0.1;0.255;200;0.85;1.13;0.8;0.65;1.015;250;275;275;150500;0.003;0.003;700;700;9;9
421.171;0.142;1.502;0.362;966.106;962.877;96.288;1013.62;0.014;203.397;4;1;60;130;325;1;26;1;0.125;0.1;0.255;200;0.85;1.13;0.8;0.65;1.015;250;275;275;150500;0.003;0.003;700;700;9;9
155.732;0.274;1.186;0.235;772.059;742.184;74.218;835.578;0.235;205.76;4;1;60;130;325;1;26;1;0.05;0.1;0.255;200;0.85;1.13;0.8;0.65;1.015;250;275;275;150500;0.003;0.003;700;700;9;9
307.093;0.187;1.366;0.297;894.342;886.942;88.694;953.023;0.035;202.638;4;1;60;130;325;1;26;1;0.0875;0.1;0.255;200;0.85;1.13;0.8;0.65;1.015;250;275;275;150500;0.003;0.003;700;700;9;9
421.171;0.142;1.502;0.362;966.106;962.877;96.288;1013.62;0.014;203.397;4;1;60;130;325;1;26;1;0.125;0.1;0.255;200;0.85;1.13;0.8;0.65;1.015;250;275;275;150500;0.003;0.003;700;700;9;9
522.205;0.115;1.622;0.446;1017.696;1015.81;101.581;1052.35;0.006;204.524;4;1;60;130;325;1;26;1;0.1625;0.1;0.255;200;0.85;1.13;0.8;0.65;1.015;250;275;275;150500;0.003;0.003;700;700;9;9
616.815;0.097;1.735;0.563;1059.204;1057.75;105.775;1080.27;0.003;205.549;4;1;60;130;325;1;26;1;0.2;0.1;0.255;200;0.85;1.13;0.8;0.65;1.015;250;275;275;150500;0.003;0.003;700;700;9;9
459.788;0.133;1.548;0.381;1004.9;1004.9;100.49;1052.71;0;202.578;4;1;60;130;325;1;26;1;0.125;0;0.255;200;0.85;1.13;0.8;0.65;1.015;250;275;275;150500;0.003;0.003;700;700;9;9
445.101;0.138;1.53;0.373;989.6;989.6;98.96;1037.6;0;202.705;4;1;60;130;325;1;26;1;0.125;0.05;0.255;200;0.85;1.13;0.8;0.65;1.015;250;275;275;150500;0.003;0.003;700;700;9;9
421.171;0.142;1.502;0.362;966.106;962.877;96.288;1013.62;0.014;203.397;4;1;60;130;325;1;26;1;0.125;0.1;0.255;200;0.85;1.13;0.8;0.65;1.015;250;275;275;150500;0.003;0.003;700;700;9;9
299.532;0.137;1.357;0.302;931.909;877.181;87.718;972.201;0.065;204.305;4;1;60;130;325;1;26;1;0.125;0.15;0.255;200;0.85;1.13;0.8;0.65;1.015;250;275;275;150500;0.003;0.003;700;700;9;9
192.28;0.133;1.229;0.254;899.523;799.118;79.912;933.44;0.118;205.226;4;1;60;130;325;1;26;1;0.125;0.2;0.255;200;0.85;1.13;0.8;0.65;1.015;250;275;275;150500;0.003;0.003;700;700;9;9
434.912;0.145;1.518;0.367;984.87;984.18;98.418;1033.74;0.001;202.3;4;1;60;130;325;1;26;1;0.125;0.1;0.01;200;0.85;1.13;0.8;0.65;1.015;250;275;275;150500;0.003;0.003;700;700;9;9
429.392;0.144;1.512;0.365;977.263;975.978;97.598;1025.62;0.004;202.737;4;1;60;130;325;1;26;1;0.125;0.1;0.1325;200;0.85;1.13;0.8;0.65;1.015;250;275;275;150500;0.003;0.003;700;700;9;9
421.171;0.142;1.502;0.362;966.106;962.877;96.288;1013.62;0.014;203.397;4;1;60;130;325;1;26;1;0.125;0.1;0.255;200;0.85;1.13;0.8;0.65;1.015;250;275;275;150500;0.003;0.003;700;700;9;9
408.034;0.139;1.486;0.358;949.465;940.87;94.087;995.456;0.034;204.384;4;1;60;130;325;1;26;1;0.125;0.1;0.3775;200;0.85;1.13;0.8;0.65;1.015;250;275;275;150500;0.003;0.003;700;700;9;9
385.502;0.133;1.459;0.351;924.372;903.662;90.366;967.586;0.07;205.855;4;1;60;130;325;1;26;1;0.125;0.1;0.5;200;0.85;1.13;0.8;0.65;1.015;250;275;275;150500;0.003;0.003;700;700;9;9
